{"screens":[ {"screen":"Floor", "display":"3", "viewport":{"tl":[ -0.73998886346817, 0.780235826969147 ], "tr":[ 0.722034215927124, 0.865258038043976 ], "bl":[ -0.375000804662704, -0.644983470439911 ], "br":[ 0.5, -0.804968535900116 ], "t":0.5, "b":0.364752501249313, "l":0.5, "r":0.5}}, {"screen":"Left", "display":"1", "viewport":{"tl":[ -0.5, 0.5 ], "tr":[ 0.5, 0.5 ], "bl":[ -0.5, -0.5 ], "br":[ 0.5, -0.5 ], "t":0.5, "b":0.5, "l":0.5, "r":0.5}}, {"screen":"Front", "display":"2", "viewport":{"tl":[ -0.5, 0.5 ], "tr":[ 0.5, 0.5 ], "bl":[ -0.5, -0.5 ], "br":[ 0.5, -0.5 ], "t":0.5, "b":0.5, "l":0.5, "r":0.5}}, {"screen":"Right", "display":"0", "viewport":{"tl":[ -0.290030807256699, 0.879872918128967 ], "tr":[ 0.38704389333725, 0.292447537183762 ], "bl":[ -0.669994711875916, -0.735011100769043 ], "br":[ 0.580487489700317, -0.609953105449677 ], "t":0.5, "b":0.5, "l":0.5, "r":0.400599032640457}} ]}